Iteration,x_t
0,0.0
1,0.09999999975000001
2,0.16887494582139706
3,0.22417848454319547
4,0.27144296169907833
